GroupName,
Aachen,
Augsburg,
Bad Vilbel
Bergisch Gladbach
Berlin & Hamburg
Berlin Friedrichshain
Bielefeld
Bochum
Bonn
Bottrop
Braunschweig
Bremen
Bremerhaven
Chemnitz
Darmstadt
Dortmund
Dresden
Duisburg
Düsseldorf
Erfurt
Essen
Frankfurt
Freiburg im Breisgau
Fürth
Gelsenkirchen
Göttingen
Hagen
Halle (Saale)
Hamburg
Hamm
Hannover
Heidelberg
Heidelberg
Heilbronn
Herne und Umgebung
Ingolstadt
Jena
Karlsruhe
Kassel
Kiel
Krefeld
Köln
Langenfeld
Landshut
Leipzig
Leverkusen
Ludwigsfelde
Ludwigshafen
Lübeck
Magdeburg
Mainz
Mannheim
Mannheim
Mohnheim
Mönchengladbach
Mülheim an der Ruhr
München
Münster
Neuss
Nürnberg
Oberhausen
Offenbach am Main
Oldenburg
Osnabrück
Paderborn
Pforzheim
Potsdam
Recklinghausen
Regensburg
Remscheid
Reutlingen
Rostock
Saarbrücken
Solingen
Stuttgart
Trier
Ulm
Wiesbaden
Wolfsburg
Wuppertal
Würzburg